PersonImage(Miley Cyrus,525,http://i177.photobucket.com/albums/w213/hyper_hottie715/miley.jpg)	Miley Cyrus	Miley Cyrus,A2O5OJXCUFQ3FV,2760

PersonImage(Miley Cyrus,1128,http://i19.tinypic.com/61y9jpl.jpg)	Miley Cyrus	Miley Cyrus,A2O5OJXCUFQ3FV,3087

PersonImage(Miley Cyrus,464,http://i135.photobucket.com/albums/q122/jazzyrayfizzle33/agsingers_miley.jpg)	Miley Cyrus	Miley Cyrus,A2O5OJXCUFQ3FV,4279

PersonImage(Miley Cyrus,1758,http://i35.tinypic.com/ru2ouw.jpg)	Miley Cyrus	Miley Cyrus,A2O5OJXCUFQ3FV,887

PersonImage(Daniel Craig,82,http://img.dailymail.co.uk/i/pix/2007/05_01/craig_468x362.jpg)	Daniel Craig	Daniel Craig,A2O5OJXCUFQ3FV,3851

PersonImage(Anderson Cooper,126,http://www.genesiscreations.biz/i//Anderson_Cooper_Headshot.jpg)	Anderson Cooper	Anderson Cooper,A2O5OJXCUFQ3FV,2085

PersonImage(Scarlett Johansson,229,http://www.celebrity9.com/img/scarlett-johansson/scarlett-johansson-3.jpg)	Scarlett Johansson	Scarlett Johansson,A2O5OJXCUFQ3FV,2343

PersonImage(Miley Cyrus,944,http://i12.tinypic.com/4xy99v9.jpg)	Miley Cyrus	Miley Cyrus,A2O5OJXCUFQ3FV,1459

PersonImage(Scarlett Johansson,289,http://www.judiciaryreport.com/images/scarlett_johansson_4.jpg)	Scarlett Johansson	Scarlett Johansson,A2O5OJXCUFQ3FV,1487

PersonImage(Miley Cyrus,1740,http://i35.tinypic.com/3126wyf.jpg)	Miley Cyrus	Miley Cyrus,A2O5OJXCUFQ3FV,1679

PersonImage(Miley Cyrus,847,http://i515.photobucket.com/albums/t353/duhhitsAmandaxx/Miley%20Cyrus/miley8.jpg)	Miley Cyrus	Miley Cyrus,A2O5OJXCUFQ3FV,1055

PersonImage(Miley Cyrus,1316,http://i27.tinypic.com/rv9g1w.jpg)	Miley Cyrus	Miley Cyrus,A2O5OJXCUFQ3FV,1153

PersonImage(Miley Cyrus,1019,http://i15.tinypic.com/4vi7yfn.jpg)	Miley Cyrus	Miley Cyrus,A2O5OJXCUFQ3FV,1101

PersonImage(Miley Cyrus,977,http://i13.tinypic.com/6617wia.jpg)	Miley Cyrus	Miley Cyrus,A2O5OJXCUFQ3FV,933

PersonImage(Miley Cyrus,1525,http://i31.tinypic.com/avk9wh.jpg)	Miley Cyrus	Miley Cyrus,A2O5OJXCUFQ3FV,1001

PersonImage(Miley Cyrus,273,http://z.about.com/d/movies/1/0/1/4/N/monster07170621.jpg)	Miley Cyrus	Miley Cyrus,A2O5OJXCUFQ3FV,1559

PersonImage(Miley Cyrus,1310,http://i27.tinypic.com/9tn1bm.jpg)	Miley Cyrus	Miley Cyrus,A2O5OJXCUFQ3FV,818

PersonImage(Miley Cyrus,1588,http://i33.tinypic.com/1zdsnr.jpg)	Miley Cyrus	Miley Cyrus,A2O5OJXCUFQ3FV,982

PersonImage(Miley Cyrus,754,http://i399.photobucket.com/albums/pp71/miley_smiley_fan_06/6ec0267ba5186b64c1126d30dbff7f8f.jpg)	Miley Cyrus	Miley Cyrus,A2O5OJXCUFQ3FV,901

PersonImage(Miley Cyrus,700,http://i289.photobucket.com/albums/ll220/youreesaed/miley_cyrus_1201132982.jpg)	Miley Cyrus	Miley Cyrus,A2O5OJXCUFQ3FV,816

PersonImage(Daniel Craig,348,http://www.filmschoolrejects.com/images/james-bond.jpg)	Anderson Cooper	Anderson Cooper,A2O5OJXCUFQ3FV,1019

PersonImage(Miley Cyrus,1834,http://i36.tinypic.com/s6sig3.jpg)	Miley Cyrus	Miley Cyrus,A2O5OJXCUFQ3FV,1577

PersonImage(Miley Cyrus,1549,http://i32.tinypic.com/25z4ju8.jpg)	Miley Cyrus	Miley Cyrus,A2O5OJXCUFQ3FV,1113

PersonImage(Scarlett Johansson,141,http://img2.timeinc.net/people/i/2007/news/070903/scarlett_johansson320.jpg)	Miley Cyrus	Miley Cyrus,A2O5OJXCUFQ3FV,712

PersonImage(Miley Cyrus,1824,http://i36.tinypic.com/birrxv.jpg)	Miley Cyrus	Miley Cyrus,A2O5OJXCUFQ3FV,1717

PersonImage(Miley Cyrus,640,http://i277.photobucket.com/albums/kk60/beatrizrosenburg/Miley%20Cyrus/049.jpg)	Miley Cyrus	Miley Cyrus,A2O5OJXCUFQ3FV,1315

PersonImage(Miley Cyrus,1775,http://i36.tinypic.com/16a4gwj.jpg)	Miley Cyrus	Miley Cyrus,A2O5OJXCUFQ3FV,1169

PersonImage(Miley Cyrus,650,http://i277.photobucket.com/albums/kk60/beatrizrosenburg/Miley%20Cyrus/075.jpg)	Miley Cyrus	Miley Cyrus,A2O5OJXCUFQ3FV,814

PersonImage(Miley Cyrus,645,http://i277.photobucket.com/albums/kk60/beatrizrosenburg/Miley%20Cyrus/063.jpg)	Miley Cyrus	Miley Cyrus,A2O5OJXCUFQ3FV,1312

PersonImage(Miley Cyrus,1745,http://i35.tinypic.com/4jkpyg.jpg)	Miley Cyrus	Miley Cyrus,A2O5OJXCUFQ3FV,749

PersonImage(Anderson Cooper,162,http://z.about.com/d/menshair/1/0/R/0/-/-/cooper.jpg)	Scarlett Johansson	Scarlett Johansson,A2O5OJXCUFQ3FV,1832

PersonImage(Scarlett Johansson,319,http://www.smh.com.au/ffximage/2008/05/06/lf_reynoldsjohannson,0.jpg)	Scarlett Johansson	Scarlett Johansson,A2O5OJXCUFQ3FV,1567

PersonImage(Miley Cyrus,800,http://i43.photobucket.com/albums/e356/disneychannelrocks45/miley/miley_cyrus_1208199740.jpg)	Miley Cyrus	Miley Cyrus,A2O5OJXCUFQ3FV,1721

PersonImage(Scarlett Johansson,104,http://imagecache2.allposters.com/images/pic/MMPH/264369~Scarlett-Johansson-Posters.jpg)	Scarlett Johansson	Scarlett Johansson,A2O5OJXCUFQ3FV,2611

PersonImage(Miley Cyrus,1713,http://i35.tinypic.com/1zpnt4k.jpg)	Miley Cyrus	Miley Cyrus,A2O5OJXCUFQ3FV,1233

PersonImage(Scarlett Johansson,464,http://www.gala.de/asset/Image/bilderstrecken/2008/beauty/Haartolle/scarlett-johansson-450.jpg)	Scarlett Johansson	Scarlett Johansson,A2O5OJXCUFQ3FV,1872

PersonImage(Miley Cyrus,941,http://i12.tinypic.com/4plxljp.jpg)	Miley Cyrus	Miley Cyrus,A2O5OJXCUFQ3FV,1708

PersonImage(Anderson Cooper,174,http://farm4.static.flickr.com/3198/2609185666_3b7d993b99_o.jpg)	Anderson Cooper	Anderson Cooper,A2O5OJXCUFQ3FV,2464

PersonImage(Miley Cyrus,281,http://binside.typepad.com/binside_tv/images/2008/06/28/miley_cyrus.jpg)	Miley Cyrus	Miley Cyrus,A2O5OJXCUFQ3FV,1766

PersonImage(Miley Cyrus,706,http://i297.photobucket.com/albums/mm205/Wict0rynka/a.jpg)	Miley Cyrus	Miley Cyrus,A2O5OJXCUFQ3FV,2203

PersonImage(Daniel Craig,210,http://www.ohlalamag.com/photos/uncategorized/2008/04/14/danielcraigharryeden14481.jpg)	Scarlett Johansson	Scarlett Johansson,A2O5OJXCUFQ3FV,3724

PersonImage(Miley Cyrus,1655,http://i34.tinypic.com/23mszfm.jpg)	Miley Cyrus	Miley Cyrus,A2O5OJXCUFQ3FV,1434

PersonImage(Daniel Craig,134,http://tinypic.com/ejzl20.jpg)	Daniel Craig	Daniel Craig,A2O5OJXCUFQ3FV,2325

PersonImage(Miley Cyrus,150,http://us.i1.yimg.com/us.yimg.com/p/i/bcst/yahootv/1904/60068167.jpg)	Miley Cyrus	Miley Cyrus,A2O5OJXCUFQ3FV,1476

PersonImage(Miley Cyrus,1550,http://i32.tinypic.com/28lqflc.jpg)	Miley Cyrus	Miley Cyrus,A2O5OJXCUFQ3FV,852

PersonImage(Miley Cyrus,1132,http://i19.tinypic.com/6aik1w5.jpg)	Miley Cyrus	Miley Cyrus,A2O5OJXCUFQ3FV,863

PersonImage(Scarlett Johansson,297,http://www.millionlooks.com/images/scarlett-johansson-teen-choice-awards-2008.jpg)	Daniel Craig	Daniel Craig,A2O5OJXCUFQ3FV,2138

PersonImage(Scarlett Johansson,531,http://yeeeah.com/wp-content/uploads/2008/01/scarlett-troops-5.jpg)	Miley Cyrus	Miley Cyrus,A2O5OJXCUFQ3FV,3559

PersonImage(Miley Cyrus,590,http://i262.photobucket.com/albums/ii92/d_carothers41/miley-cyrus-ama-awards-01h-1.jpg)	Miley Cyrus	Miley Cyrus,A2O5OJXCUFQ3FV,1474

PersonImage(Miley Cyrus,1212,http://i25.tinypic.com/2qtco0h.jpg)	Miley Cyrus	Miley Cyrus,A2O5OJXCUFQ3FV,1613

PersonImage(Miley Cyrus,1682,http://i34.tinypic.com/5wksqo.jpg)	Miley Cyrus	Miley Cyrus,A2O5OJXCUFQ3FV,850

PersonImage(Anderson Cooper,28,http://3.bp.blogspot.com/_apuuyw-wGsE/SUhyT6flI_I/AAAAAAAACik/1Uv-co-DX54/s320/anderson_cooper.jpg)	Anderson Cooper	Anderson Cooper,A2O5OJXCUFQ3FV,1591

PersonImage(Miley Cyrus,304,http://i180.photobucket.com/albums/x283/PrettyInPink12_2007/140_miley-cyrus_dot_com-mrDC_362955.jpg)	Miley Cyrus	Miley Cyrus,A2O5OJXCUFQ3FV,914

PersonImage(Miley Cyrus,801,http://i43.photobucket.com/albums/e353/pimp_gurrlz/miley-cyrus.jpg)	Miley Cyrus	Miley Cyrus,A2O5OJXCUFQ3FV,1014

PersonImage(Miley Cyrus,1183,http://i23.tinypic.com/opo80i.jpg)	Miley Cyrus	Miley Cyrus,A2O5OJXCUFQ3FV,1054

PersonImage(Miley Cyrus,523,http://i175.photobucket.com/albums/w125/BoricuaGirl1619/Miley%20Cyrus/l_fd68f116f496cf4365986f52cd46ea17.jpg)	Miley Cyrus	Miley Cyrus,A2O5OJXCUFQ3FV,1005

PersonImage(Miley Cyrus,1296,http://i27.tinypic.com/2s8ssk4.jpg)	Miley Cyrus	Miley Cyrus,A2O5OJXCUFQ3FV,876

PersonImage(Miley Cyrus,1831,http://i36.tinypic.com/ndwt8m.jpg)	Miley Cyrus	Miley Cyrus,A2O5OJXCUFQ3FV,843

PersonImage(Miley Cyrus,914,http://i11.tinypic.com/4hd6pav.jpg)	Miley Cyrus	Miley Cyrus,A2O5OJXCUFQ3FV,903

PersonImage(Daniel Craig,341,http://www.eitb.com/multimedia/images/2008/11/07/23132/23132_danielcraig_ymujer_valencia_grande.jpg)	Anderson Cooper	Anderson Cooper,A2O5OJXCUFQ3FV,2381

PersonImage(Miley Cyrus,1373,http://i29.tinypic.com/143dyl5.jpg)	Miley Cyrus	Miley Cyrus,A2O5OJXCUFQ3FV,2435

PersonImage(Scarlett Johansson,167,http://lh6.ggpht.com/elaing.zhang/SHv9o2e_ADI/AAAAAAAARho/Tgiurd48vIg/s800/Scarlett_Johansson080715002.jpg)	Scarlett Johansson	Scarlett Johansson,A2O5OJXCUFQ3FV,3079

PersonImage(Anderson Cooper,6,http://farm1.static.flickr.com/49/176691185_802de40d6f_o.jpg)	Anderson Cooper	Anderson Cooper,A2O5OJXCUFQ3FV,1539

PersonImage(Miley Cyrus,538,http://i200.photobucket.com/albums/aa272/avrillavigne42/miley_with_dog.jpg)	Miley Cyrus	Miley Cyrus,A2O5OJXCUFQ3FV,1097

PersonImage(Daniel Craig,351,http://www.gala.de/asset/Image/artikel/talk/2007/kw14/daniel-craig.jpg)	Daniel Craig	Daniel Craig,A2O5OJXCUFQ3FV,1943

PersonImage(Miley Cyrus,39,http://farm4.static.flickr.com/3091/2348205223_963017d8b2.jpg)	Miley Cyrus	Miley Cyrus,A2O5OJXCUFQ3FV,963

PersonImage(Daniel Craig,212,http://www.solarnavigator.net/films_movies_actors/actors_films_images/daniel_craig_black_jacket.jpg)	Daniel Craig	Daniel Craig,A2O5OJXCUFQ3FV,1397

PersonImage(Miley Cyrus,1616,http://i33.tinypic.com/5nrm21.jpg)	Miley Cyrus	Miley Cyrus,A2O5OJXCUFQ3FV,1813

PersonImage(Miley Cyrus,57,http://i97.photobucket.com/albums/l203/ritaiyo/BiRTHDAYS/miley_cyrus.jpg)	Miley Cyrus	Miley Cyrus,A2O5OJXCUFQ3FV,891

PersonImage(Anderson Cooper,173,http://ecx.images-amazon.com/images/I/51ZLgCdUipL.jpg)	Scarlett Johansson	Scarlett Johansson,A2O5OJXCUFQ3FV,1628

PersonImage(Daniel Craig,95,http://img.thesun.co.uk/multimedia/archive/00437/SNN1603a3g_437521a.jpg)	Anderson Cooper	Anderson Cooper,A2O5OJXCUFQ3FV,1391

PersonImage(Miley Cyrus,1079,http://i17.tinypic.com/6gd6p11.jpg)	Miley Cyrus	Miley Cyrus,A2O5OJXCUFQ3FV,1689

PersonImage(Miley Cyrus,828,http://i480.photobucket.com/albums/rr163/mileyselenafan95/miley-cyrus-secret1.jpg)	Miley Cyrus	Miley Cyrus,A2O5OJXCUFQ3FV,1908

PersonImage(Miley Cyrus,1867,http://i37.tinypic.com/33e4yoo.jpg)	Miley Cyrus	Miley Cyrus,A2O5OJXCUFQ3FV,953

PersonImage(Miley Cyrus,337,http://loling.blogg.se/images/2008/miley-cyrus-vip-trl-05_13829941.jpg)	Miley Cyrus	Miley Cyrus,A2O5OJXCUFQ3FV,1944

PersonImage(Miley Cyrus,1287,http://i27.tinypic.com/2ebc0pj.jpg)	Miley Cyrus	Miley Cyrus,A2O5OJXCUFQ3FV,1595

PersonImage(Anderson Cooper,1,http://farm1.static.flickr.com/27/102923498_4685e849eb_o.jpg)	Anderson Cooper	Anderson Cooper,A2O5OJXCUFQ3FV,1949

PersonImage(Miley Cyrus,669,http://i282.photobucket.com/albums/kk253/crunkdance33/miley_cyrus_1205682449.jpg)	Miley Cyrus	Miley Cyrus,A2O5OJXCUFQ3FV,2528

PersonImage(Miley Cyrus,940,http://i12.tinypic.com/4hd6pav.jpg)	Miley Cyrus	Miley Cyrus,A2O5OJXCUFQ3FV,1776

PersonImage(Scarlett Johansson,138,http://img2.timeinc.net/people/i/2007/specials/chase/scarlettjohansson/scarlett_johansson1.jpg)	Scarlett Johansson	Scarlett Johansson,A2O5OJXCUFQ3FV,2882

PersonImage(Miley Cyrus,1368,http://i28.tinypic.com/xm6d52.jpg)	Miley Cyrus	Miley Cyrus,A2O5OJXCUFQ3FV,1176

PersonImage(Miley Cyrus,647,http://i277.photobucket.com/albums/kk60/beatrizrosenburg/Miley%20Cyrus/071.jpg)	Miley Cyrus	Miley Cyrus,A2O5OJXCUFQ3FV,878

PersonImage(Miley Cyrus,957,http://i12.tinypic.com/6stcbd0.jpg)	Miley Cyrus	Miley Cyrus,A2O5OJXCUFQ3FV,1438

PersonImage(Miley Cyrus,1518,http://i31.tinypic.com/2wnzcqc.jpg)	Miley Cyrus	Miley Cyrus,A2O5OJXCUFQ3FV,1652

PersonImage(Miley Cyrus,1256,http://i26.tinypic.com/dg1hcl.jpg)	Miley Cyrus	Miley Cyrus,A2O5OJXCUFQ3FV,864

PersonImage(Miley Cyrus,1102,http://i18.tinypic.com/66yrcih.jpg)	Miley Cyrus	Miley Cyrus,A2O5OJXCUFQ3FV,993

PersonImage(Miley Cyrus,1281,http://i27.tinypic.com/281eybr.jpg)	Miley Cyrus	Miley Cyrus,A2O5OJXCUFQ3FV,1042

PersonImage(Miley Cyrus,1726,http://i35.tinypic.com/2aey2cg.jpg)	Miley Cyrus	Miley Cyrus,A2O5OJXCUFQ3FV,1044

PersonImage(Miley Cyrus,1299,http://i27.tinypic.com/2vlto5s.jpg)	Miley Cyrus	Miley Cyrus,A2O5OJXCUFQ3FV,667

PersonImage(Miley Cyrus,1580,http://i33.tinypic.com/10pu2r4.jpg)	Miley Cyrus	Miley Cyrus,A2O5OJXCUFQ3FV,603

PersonImage(Miley Cyrus,918,http://i11.tinypic.com/4plxi4w.jpg)	Miley Cyrus	Miley Cyrus,A2O5OJXCUFQ3FV,847

PersonImage(Miley Cyrus,900,http://i10.tinypic.com/6c5bhh1.jpg)	Miley Cyrus	Miley Cyrus,A2O5OJXCUFQ3FV,817

PersonImage(Scarlett Johansson,208,http://upload.wikimedia.org/wikipedia/commons/3/36/Scarlett_Johansson_in_Kuwait_01.jpg)	Scarlett Johansson	Scarlett Johansson,A2O5OJXCUFQ3FV,1797

PersonImage(Miley Cyrus,840,http://i514.photobucket.com/albums/t349/nicholas_love5/blend4paranicholaslove5.jpg)	Miley Cyrus	Miley Cyrus,A2O5OJXCUFQ3FV,946

PersonImage(Miley Cyrus,925,http://i11.tinypic.com/61kra4x.jpg)	Miley Cyrus	Miley Cyrus,A2O5OJXCUFQ3FV,941

PersonImage(Miley Cyrus,577,http://i248.photobucket.com/albums/gg161/omgeeXOitsdee/Edited%20Pictures/normal_05.jpg)	Miley Cyrus	Miley Cyrus,A2O5OJXCUFQ3FV,732

PersonImage(Daniel Craig,91,http://img.thesun.co.uk/multimedia/archive/00198/ed_imgSNN2804R_198671a.jpg)	Daniel Craig	Daniel Craig,A2O5OJXCUFQ3FV,1890

PersonImage(Scarlett Johansson,313,http://www.scarlettforum.com/wallpaper/scarlett-johansson-1.jpg)	Miley Cyrus	Miley Cyrus,A2O5OJXCUFQ3FV,2275

PersonImage(Miley Cyrus,1303,http://i27.tinypic.com/30bz914.jpg)	Miley Cyrus	Miley Cyrus,A2O5OJXCUFQ3FV,1180

PersonImage(Daniel Craig,165,http://www.contactmusic.com/pics/m/bafta_kids_inside_2_261107/daniel_craig_1676407.jpg)	Daniel Craig	Daniel Craig,A2O5OJXCUFQ3FV,1747

PersonImage(Scarlett Johansson,238,http://www.chinadaily.com.cn/showbiz/images/attachement/jpg/site1/20081231/00221917dec40ac51dbd2a.jpg)	Scarlett Johansson	Scarlett Johansson,A2O5OJXCUFQ3FV,1566

PersonImage(Anderson Cooper,134,http://www.kepplerspeakers.com/literature/Cooper-A.jpg)	Anderson Cooper	Anderson Cooper,A2O5OJXCUFQ3FV,1476

PersonImage(Miley Cyrus,1379,http://i29.tinypic.com/213p66d.jpg)	Miley Cyrus	Miley Cyrus,A2O5OJXCUFQ3FV,1144

PersonImage(Miley Cyrus,1486,http://i30.tinypic.com/t9h8xs.jpg)	Miley Cyrus	Miley Cyrus,A2O5OJXCUFQ3FV,1168

PersonImage(Anderson Cooper,79,http://img2.timeinc.net/ew/dynamic/imgs/060522/134029__cooper_l.jpg)	Anderson Cooper	Anderson Cooper,A2O5OJXCUFQ3FV,2527

PersonImage(Scarlett Johansson,556,http://i35.tinypic.com/34pb787.jpg)	Miley Cyrus	Miley Cyrus,A2O5OJXCUFQ3FV,1175

PersonImage(Miley Cyrus,1501,http://i31.tinypic.com/23uyeiq.jpg)	Miley Cyrus	Miley Cyrus,A2O5OJXCUFQ3FV,1496

PersonImage(Scarlett Johansson,497,http://www.pestaola.gr/images/scarlett_johansson_2.jpg)	Scarlett Johansson	Scarlett Johansson,A2O5OJXCUFQ3FV,2430

PersonImage(Miley Cyrus,1598,http://i33.tinypic.com/29cbey8.jpg)	Miley Cyrus	Miley Cyrus,A2O5OJXCUFQ3FV,1151

PersonImage(Miley Cyrus,191,http://www.contactmusic.com/pics/m/miley_cyrus_wax_200308/miley_cyrus_5106277.jpg)	Miley Cyrus	Miley Cyrus,A2O5OJXCUFQ3FV,1175

PersonImage(Miley Cyrus,841,http://i514.photobucket.com/albums/t349/nicholas_love5/blend4paranicholaslove5.jpg)	Miley Cyrus	Miley Cyrus,A2O5OJXCUFQ3FV,557

PersonImage(Daniel Craig,183,http://www.foxnews.com/images/450059/0_61_craig_daniel_08.jpg)	Daniel Craig	Daniel Craig,A2O5OJXCUFQ3FV,1921

PersonImage(Daniel Craig,49,http://i12.photobucket.com/albums/a227/larrykingluvsSNL/other/n508159538_9623_9120.jpg)	Daniel Craig	Daniel Craig,A2O5OJXCUFQ3FV,1363

PersonImage(Miley Cyrus,49,http://i262.photobucket.com/albums/ii115/SAMMiBABY_4_lYFE/miley_cyrus.jpg)	Miley Cyrus	Miley Cyrus,A2O5OJXCUFQ3FV,781

PersonImage(Miley Cyrus,878,http://i10.tinypic.com/4l7947o.jpg)	Miley Cyrus	Miley Cyrus,A2O5OJXCUFQ3FV,699

PersonImage(Daniel Craig,78,http://img2.timeinc.net/people/i/2008/news/080818/royal_007.jpg)	Daniel Craig	Daniel Craig,A2O5OJXCUFQ3FV,846

PersonImage(Miley Cyrus,1083,http://i17.tinypic.com/816vko8.jpg)	Miley Cyrus	Miley Cyrus,A2O5OJXCUFQ3FV,668

PersonImage(Miley Cyrus,865,http://i534.photobucket.com/albums/ee348/jbmileyselenademi45/miley/mctrljuly2420082.jpg)	Miley Cyrus	Miley Cyrus,A2O5OJXCUFQ3FV,818

PersonImage(Miley Cyrus,546,http://i220.photobucket.com/albums/dd114/_lovelee-/miley_cyrus_1215202879.jpg)	Miley Cyrus	Miley Cyrus,A2O5OJXCUFQ3FV,1209

PersonImage(Miley Cyrus,1096,http://i18.tinypic.com/4xolyxs.jpg)	Miley Cyrus	Miley Cyrus,A2O5OJXCUFQ3FV,1720

PersonImage(Miley Cyrus,1864,http://i37.tinypic.com/30bhisk.jpg)	Miley Cyrus	Miley Cyrus,A2O5OJXCUFQ3FV,2698

PersonImage(Miley Cyrus,96,http://img.mediaspanonline.com/5850/2438426.jpg)	Miley Cyrus	Miley Cyrus,A2O5OJXCUFQ3FV,1211

PersonImage(Miley Cyrus,1228,http://i25.tinypic.com/scw9d2.jpg)	Miley Cyrus	Miley Cyrus,A2O5OJXCUFQ3FV,1029

PersonImage(Scarlett Johansson,458,http://www.elmulticine.com/imagenes/peliculas/ladalianegra4.jpg)	Scarlett Johansson	Scarlett Johansson,A2O5OJXCUFQ3FV,1606

PersonImage(Daniel Craig,317,http://www.actors-pictures.com/pictures/daniel-craig-4.jpg)	Daniel Craig	Daniel Craig,A2O5OJXCUFQ3FV,2191

PersonImage(Daniel Craig,33,http://english.people.com.cn/200702/26/images/F200702260946442603359110.jpg)	Miley Cyrus	Miley Cyrus,A2O5OJXCUFQ3FV,2371

PersonImage(Miley Cyrus,1856,http://i37.tinypic.com/2m369nc.jpg)	Miley Cyrus	Miley Cyrus,A2O5OJXCUFQ3FV,2586

PersonImage(Scarlett Johansson,242,http://www.collider.com/uploads/imageGallery/Scarlett_Johansson/scarlett_johansson.jpg)	Scarlett Johansson	Scarlett Johansson,A2O5OJXCUFQ3FV,1768

PersonImage(Miley Cyrus,1232,http://i26.tinypic.com/16asjkw.jpg)	Miley Cyrus	Miley Cyrus,A2O5OJXCUFQ3FV,1184

PersonImage(Scarlett Johansson,520,http://www.verycool.it/wp-content/uploads/2007/12/scarlett_johansson_12120702.jpg)	Scarlett Johansson	Scarlett Johansson,A2O5OJXCUFQ3FV,1817

PersonImage(Miley Cyrus,993,http://i14.tinypic.com/4z3gg39.jpg)	Miley Cyrus	Miley Cyrus,A2O5OJXCUFQ3FV,2496

PersonImage(Anderson Cooper,184,http://premium.edition.cnn.com/CNN/Programs/anderson.cooper.360/notebook/images/nofalsh.jpg)	Anderson Cooper	Anderson Cooper,A2O5OJXCUFQ3FV,2102

PersonImage(Daniel Craig,66,http://images.rottentomatoes.com/images/spotlights/2008/rtuk_feature_daniel_craig_03.jpg)	Anderson Cooper	Anderson Cooper,A2O5OJXCUFQ3FV,994

PersonImage(Miley Cyrus,1871,http://i37.tinypic.com/9fqscx.jpg)	Miley Cyrus	Miley Cyrus,A2O5OJXCUFQ3FV,1593

PersonImage(Scarlett Johansson,274,http://www.haircutshairstyles.com/img/photos/full/2008-05/scarlett_johansson_pinned_back_hairstyle57.jpg)	Scarlett Johansson	Scarlett Johansson,A2O5OJXCUFQ3FV,1444

PersonImage(Miley Cyrus,1478,http://i30.tinypic.com/j6pvy9.jpg)	Miley Cyrus	Miley Cyrus,A2O5OJXCUFQ3FV,891

PersonImage(Miley Cyrus,1063,http://i17.tinypic.com/2dv8jud.jpg)	Miley Cyrus	Miley Cyrus,A2O5OJXCUFQ3FV,851

PersonImage(Miley Cyrus,991,http://i14.tinypic.com/4xolyxs.jpg)	Miley Cyrus	Miley Cyrus,A2O5OJXCUFQ3FV,736

PersonImage(Miley Cyrus,953,http://i12.tinypic.com/6ajxh8i.jpg)	Miley Cyrus	Miley Cyrus,A2O5OJXCUFQ3FV,864

PersonImage(Scarlett Johansson,41,http://3.bp.blogspot.com/_Y5TwdoOLPTI/SXTzqPgMYzI/AAAAAAAAFCM/FJ9k_H4_fNY/s400/ScarlettJohansson011909c.jpg)	Miley Cyrus	Miley Cyrus,A2O5OJXCUFQ3FV,177

PersonImage(Miley Cyrus,491,http://i175.photobucket.com/albums/w125/BoricuaGirl1619/Miley%20Cyrus/l_81ae93a6dd5a3bcadde98d94d5e80ad0.jpg)	Miley Cyrus	Miley Cyrus,A2O5OJXCUFQ3FV,172

PersonImage(Miley Cyrus,231,http://www.nationalledger.com/artman/uploads/miley_cyrus_defense_003.jpg)	Miley Cyrus	Miley Cyrus,A2O5OJXCUFQ3FV,1300

PersonImage(Miley Cyrus,1684,http://i34.tinypic.com/i1guvc.jpg)	Miley Cyrus	Miley Cyrus,A2O5OJXCUFQ3FV,724

PersonImage(Miley Cyrus,768,http://i413.photobucket.com/albums/pp215/brinababyyx3/Miley_Cyrus_265301.jpg)	Miley Cyrus	Miley Cyrus,A2O5OJXCUFQ3FV,180

PersonImage(Miley Cyrus,1071,http://i17.tinypic.com/521zm9t.jpg)	Miley Cyrus	Miley Cyrus,A2O5OJXCUFQ3FV,762

PersonImage(Miley Cyrus,251,http://www.superiorpics.com/pictures2/Miley_sd1.jpg)	Miley Cyrus	Miley Cyrus,A2O5OJXCUFQ3FV,188

PersonImage(Daniel Craig,86,http://img.metro.co.uk/i/pix/2007/10/DanielCraigEPA_450x300.jpg)	Daniel Craig	Daniel Craig,A2O5OJXCUFQ3FV,2204

PersonImage(Miley Cyrus,1420,http://i2.tinypic.com/507x9bc.jpg)	Miley Cyrus	Miley Cyrus,A2O5OJXCUFQ3FV,978

PersonImage(Miley Cyrus,1601,http://i33.tinypic.com/2eoxzpc.jpg)	Miley Cyrus	Miley Cyrus,A2O5OJXCUFQ3FV,217

PersonImage(Miley Cyrus,1203,http://i25.tinypic.com/2466ufc.jpg)	Miley Cyrus	Miley Cyrus,A2O5OJXCUFQ3FV,962

PersonImage(Miley Cyrus,1392,http://i29.tinypic.com/2moyvkw.jpg)	Miley Cyrus	Miley Cyrus,A2O5OJXCUFQ3FV,965

PersonImage(Daniel Craig,128,http://static.guim.co.uk/Guardian/lifeandstyle/gallery/2008/jul/30/fashion.celebrity2/Craig-2114.jpg)	Daniel Craig	Daniel Craig,A2O5OJXCUFQ3FV,1678

PersonImage(Miley Cyrus,443,http://www.virginmedia.com/images/gal-nick-miley-cyrus.jpg)	Miley Cyrus	Miley Cyrus,A2O5OJXCUFQ3FV,239

PersonImage(Scarlett Johansson,75,http://farm4.static.flickr.com/3188/2295480162_3bfcf1695b.jpg)	Miley Cyrus	Miley Cyrus,A2O5OJXCUFQ3FV,172

PersonImage(Miley Cyrus,1838,http://i37.tinypic.com/1060iu9.jpg)	Miley Cyrus	Miley Cyrus,A2O5OJXCUFQ3FV,209

PersonImage(Miley Cyrus,1422,http://i2.tinypic.com/52urmer.jpg)	Miley Cyrus	Miley Cyrus,A2O5OJXCUFQ3FV,984

PersonImage(Miley Cyrus,1764,http://i35.tinypic.com/vyr6hd.jpg)	Miley Cyrus	Miley Cyrus,A2O5OJXCUFQ3FV,790

PersonImage(Miley Cyrus,44,http://i15.tinypic.com/6tzoal5.jpg)	Miley Cyrus	Miley Cyrus,A2O5OJXCUFQ3FV,754

PersonImage(Anderson Cooper,12,http://farm1.static.flickr.com/84/213566134_ca90b69b1a_o.jpg)	Anderson Cooper	Anderson Cooper,A2O5OJXCUFQ3FV,1593

PersonImage(Miley Cyrus,1498,http://i31.tinypic.com/1r5gkh.jpg)	Miley Cyrus	Miley Cyrus,A2O5OJXCUFQ3FV,915

PersonImage(Miley Cyrus,802,http://i43.photobucket.com/albums/e356/disneychannelrocks45/miley/mileycyrusseventeen41.jpg)	Miley Cyrus	Miley Cyrus,A2O5OJXCUFQ3FV,196

PersonImage(Miley Cyrus,1115,http://i19.tinypic.com/2akgvww.jpg)	Miley Cyrus	Miley Cyrus,A2O5OJXCUFQ3FV,166

PersonImage(Miley Cyrus,462,http://i130.photobucket.com/albums/p258/EmerificEmily/miley-cyrus.jpg)	Miley Cyrus	Miley Cyrus,A2O5OJXCUFQ3FV,920

PersonImage(Scarlett Johansson,546,http://i26.tinypic.com/biqw7t.jpg)	Scarlett Johansson	Scarlett Johansson,A2O5OJXCUFQ3FV,1167

PersonImage(Miley Cyrus,1873,http://i37.tinypic.com/9ll4kj.jpg)	Miley Cyrus	Miley Cyrus,A2O5OJXCUFQ3FV,1009

PersonImage(Daniel Craig,16,http://4.bp.blogspot.com/__2ZwmFSAw_g/SLIYSQGCCBI/AAAAAAAABG8/cHBfOYxmCCI/s320/daniel_craig.jpg)	Daniel Craig	Daniel Craig,A2O5OJXCUFQ3FV,1393

PersonImage(Miley Cyrus,1782,http://i36.tinypic.com/24311ky.jpg)	Miley Cyrus	Miley Cyrus,A2O5OJXCUFQ3FV,735

PersonImage(Miley Cyrus,1600,http://i33.tinypic.com/2crn4sz.jpg)	Miley Cyrus	Miley Cyrus,A2O5OJXCUFQ3FV,198

PersonImage(Miley Cyrus,1718,http://i35.tinypic.com/21aid1x.jpg)	Miley Cyrus	Miley Cyrus,A2O5OJXCUFQ3FV,845

PersonImage(Miley Cyrus,1000,http://i14.tinypic.com/63hdb46.jpg)	Miley Cyrus	Miley Cyrus,A2O5OJXCUFQ3FV,969

PersonImage(Miley Cyrus,906,http://i10.tinypic.com/8ehqv0k.jpg)	Miley Cyrus	Miley Cyrus,A2O5OJXCUFQ3FV,757

PersonImage(Miley Cyrus,1635,http://i33.tinypic.com/ouz6dz.jpg)	Miley Cyrus	Miley Cyrus,A2O5OJXCUFQ3FV,1145

PersonImage(Miley Cyrus,923,http://i11.tinypic.com/5xqmyz7.jpg)	Miley Cyrus	Miley Cyrus,A2O5OJXCUFQ3FV,1018

PersonImage(Miley Cyrus,478,http://i175.photobucket.com/albums/w125/BoricuaGirl1619/Miley%20Cyrus/l_2409e877872e04ae428dd1439504908d.jpg)	Miley Cyrus	Miley Cyrus,A2O5OJXCUFQ3FV,825

PersonImage(Miley Cyrus,1483,http://i30.tinypic.com/mwdv2a.jpg)	Miley Cyrus	Miley Cyrus,A2O5OJXCUFQ3FV,832

PersonImage(Miley Cyrus,1215,http://i25.tinypic.com/2vudhkj.jpg)	Miley Cyrus	Miley Cyrus,A2O5OJXCUFQ3FV,896

PersonImage(Scarlett Johansson,67,http://dannymiller.typepad.com/blog/images/johansson1_1.jpg)	Scarlett Johansson	Scarlett Johansson,A2O5OJXCUFQ3FV,1498

PersonImage(Miley Cyrus,879,http://i10.tinypic.com/4m2wwib.jpg)	Miley Cyrus	Miley Cyrus,A2O5OJXCUFQ3FV,1341

PersonImage(Miley Cyrus,512,http://i175.photobucket.com/albums/w125/BoricuaGirl1619/Miley%20Cyrus/l_ce7c6e9fe967954204dc583f9d1735ad.jpg)	Miley Cyrus	Miley Cyrus,A2O5OJXCUFQ3FV,705

PersonImage(Miley Cyrus,899,http://i10.tinypic.com/6bxqo08.jpg)	Miley Cyrus	Miley Cyrus,A2O5OJXCUFQ3FV,816

PersonImage(Miley Cyrus,1606,http://i33.tinypic.com/2mq3uvn.jpg)	Miley Cyrus	Miley Cyrus,A2O5OJXCUFQ3FV,929

PersonImage(Miley Cyrus,761,http://i406.photobucket.com/albums/pp142/bubbles10194/miley_cyrus_3.jpg)	Miley Cyrus	Miley Cyrus,A2O5OJXCUFQ3FV,175

PersonImage(Miley Cyrus,1050,http://i16.tinypic.com/521zm9t.jpg)	Miley Cyrus	Miley Cyrus,A2O5OJXCUFQ3FV,123

PersonImage(Miley Cyrus,453,http://i111.photobucket.com/albums/n145/Lover_070/miley-cyrus.jpg)	Miley Cyrus	Miley Cyrus,A2O5OJXCUFQ3FV,157

PersonImage(Miley Cyrus,1803,http://i36.tinypic.com/2nv6joy.jpg)	Miley Cyrus	Miley Cyrus,A2O5OJXCUFQ3FV,1696

PersonImage(Miley Cyrus,211,http://www.judiciaryreport.com/images/miley-cyrus-4-29-08.jpg)	Miley Cyrus	Miley Cyrus,A2O5OJXCUFQ3FV,184

PersonImage(Miley Cyrus,1472,http://i30.tinypic.com/ae1c1t.jpg)	Miley Cyrus	Miley Cyrus,A2O5OJXCUFQ3FV,837

PersonImage(Miley Cyrus,970,http://i13.tinypic.com/4uot660.jpg)	Miley Cyrus	Miley Cyrus,A2O5OJXCUFQ3FV,150

PersonImage(Miley Cyrus,1602,http://i33.tinypic.com/2f0d46r.jpg)	Miley Cyrus	Miley Cyrus,A2O5OJXCUFQ3FV,813

PersonImage(Miley Cyrus,1457,http://i30.tinypic.com/2qlv7dv.jpg)	Miley Cyrus	Miley Cyrus,A2O5OJXCUFQ3FV,1078

PersonImage(Miley Cyrus,1567,http://i32.tinypic.com/2vvl43p.jpg)	Miley Cyrus	Miley Cyrus,A2O5OJXCUFQ3FV,940

PersonImage(Miley Cyrus,1088,http://i18.tinypic.com/2w3ca4k.jpg)	Miley Cyrus	Miley Cyrus,A2O5OJXCUFQ3FV,164

PersonImage(Miley Cyrus,427,http://www.popcrunch.com/wp-content/uploads/2008/08/miley-cyrus.jpg)	Miley Cyrus	Miley Cyrus,A2O5OJXCUFQ3FV,769

PersonImage(Miley Cyrus,742,http://i384.photobucket.com/albums/oo284/photogrl44/miley_cyrus09.jpg)	Miley Cyrus	Miley Cyrus,A2O5OJXCUFQ3FV,133

PersonImage(Anderson Cooper,167,http://blogs.kansascity.com/photos/uncategorized/africaandyliberation.jpg)	Anderson Cooper	Anderson Cooper,A2O5OJXCUFQ3FV,1582

PersonImage(Miley Cyrus,654,http://i277.photobucket.com/albums/kk60/beatrizrosenburg/Miley%20Cyrus/091.jpg)	Miley Cyrus	Miley Cyrus,A2O5OJXCUFQ3FV,952

PersonImage(Miley Cyrus,1541,http://i32.tinypic.com/205e23d.jpg)	Miley Cyrus	Miley Cyrus,A2O5OJXCUFQ3FV,149

PersonImage(Miley Cyrus,791,http://i430.photobucket.com/albums/qq26/thiemann98/timberspicture8.jpg)	Miley Cyrus	Miley Cyrus,A2O5OJXCUFQ3FV,849

PersonImage(Miley Cyrus,1768,http://i36.tinypic.com/10p8y9h.jpg)	Miley Cyrus	Miley Cyrus,A2O5OJXCUFQ3FV,1053

PersonImage(Scarlett Johansson,349,http://z.about.com/d/movies/1/0/0/u/R/vickycristinaprem20.jpg)	Scarlett Johansson	Scarlett Johansson,A2O5OJXCUFQ3FV,1274

PersonImage(Miley Cyrus,1045,http://i16.tinypic.com/4v8sqdd.jpg)	Miley Cyrus	Miley Cyrus,A2O5OJXCUFQ3FV,729

PersonImage(Miley Cyrus,1662,http://i34.tinypic.com/29pvq78.jpg)	Miley Cyrus	Miley Cyrus,A2O5OJXCUFQ3FV,151

PersonImage(Scarlett Johansson,550,http://i30.tinypic.com/dmr3x3.jpg)	Scarlett Johansson	Scarlett Johansson,A2O5OJXCUFQ3FV,1033

PersonImage(Miley Cyrus,1140,http://i19.tinypic.com/87klop4.jpg)	Miley Cyrus	Miley Cyrus,A2O5OJXCUFQ3FV,270

PersonImage(Daniel Craig,9,http://farm1.static.flickr.com/121/310448945_c69c990c26_o.jpg)	Daniel Craig	Daniel Craig,A2O5OJXCUFQ3FV,1497

PersonImage(Miley Cyrus,1866,http://i37.tinypic.com/30w2naw.jpg)	Miley Cyrus	Miley Cyrus,A2O5OJXCUFQ3FV,1147

PersonImage(Miley Cyrus,857,http://i527.photobucket.com/albums/cc355/wweandtnafan/miley_cyrus_1205980461.jpg)	Miley Cyrus	Miley Cyrus,A2O5OJXCUFQ3FV,659

PersonImage(Miley Cyrus,1761,http://i35.tinypic.com/t0orkp.jpg)	Miley Cyrus	Miley Cyrus,A2O5OJXCUFQ3FV,144

PersonImage(Scarlett Johansson,152,http://imstars.aufeminin.com/stars/fan/D20080822/1549_0_Scarlett_Johansson_delays_wed_H123007_L.jpg)	Miley Cyrus	Miley Cyrus,A2O5OJXCUFQ3FV,137

PersonImage(Miley Cyrus,781,http://i422.photobucket.com/albums/pp301/conytha10/Miley_Cyrus.jpg)	Miley Cyrus	Miley Cyrus,A2O5OJXCUFQ3FV,140

PersonImage(Daniel Craig,235,http://z.about.com/d/movies/1/0/7/e/Q/goldencompassprem5.jpg)	Daniel Craig	Daniel Craig,A2O5OJXCUFQ3FV,1291

PersonImage(Miley Cyrus,995,http://i14.tinypic.com/53kbn2u.jpg)	Miley Cyrus	Miley Cyrus,A2O5OJXCUFQ3FV,870

PersonImage(Miley Cyrus,1445,http://i30.tinypic.com/2jd189e.jpg)	Miley Cyrus	Miley Cyrus,A2O5OJXCUFQ3FV,217

PersonImage(Anderson Cooper,33,http://4.bp.blogspot.com/_pYovFsEL26U/SQuacJCm4nI/AAAAAAAAFTg/GEhOhikwIqs/s400/AndersonCooper_360_20080404_12.jpg)	Miley Cyrus	Miley Cyrus,A2O5OJXCUFQ3FV,129

PersonImage(Miley Cyrus,562,http://i240.photobucket.com/albums/ff65/PhippsFilms/miley-cyrus.jpg)	Miley Cyrus	Miley Cyrus,A2O5OJXCUFQ3FV,839

PersonImage(Scarlett Johansson,329,http://www.telegraph.co.uk/telegraph/multimedia/archive/01178/arts-graphics-2007_1178578a.jpg)	Miley Cyrus	Miley Cyrus,A2O5OJXCUFQ3FV,1267

PersonImage(Daniel Craig,139,http://www.aceshowbiz.com/images/events/ALO-021473.jpg)	Daniel Craig	Daniel Craig,A2O5OJXCUFQ3FV,1283

PersonImage(Miley Cyrus,834,http://i494.photobucket.com/albums/rr309/Rockstar81589/miley-1.jpg)	Miley Cyrus	Miley Cyrus,A2O5OJXCUFQ3FV,1344

PersonImage(Daniel Craig,120,http://newsimg.bbc.co.uk/media/images/44658000/jpg/_44658274_danielcraig_203.jpg)	Daniel Craig	Daniel Craig,A2O5OJXCUFQ3FV,1611

PersonImage(Scarlett Johansson,525,http://www.xghozt.com/site/Gallery/images/scarlett_johansson_12.jpg)	Miley Cyrus	Miley Cyrus,A2O5OJXCUFQ3FV,1442

PersonImage(Anderson Cooper,27,http://3.bp.blogspot.com/_apuuyw-wGsE/SGwTH-jxVoI/AAAAAAAABP8/9eZHICE1E_w/s200/anderson%2Bcooper_advocate.jpg)	Anderson Cooper	Anderson Cooper,A2O5OJXCUFQ3FV,1331

PersonImage(Miley Cyrus,502,http://i175.photobucket.com/albums/w125/BoricuaGirl1619/Miley%20Cyrus/l_abe44711131229dd510f7d0c34cbb1aa.jpg)	Miley Cyrus	Miley Cyrus,A2O5OJXCUFQ3FV,934

PersonImage(Scarlett Johansson,183,http://news.softpedia.com/images/news2/Scarlett-Johansson-Got-Sick-From-A-Sex-Scene-2.jpg)	Miley Cyrus	Miley Cyrus,A2O5OJXCUFQ3FV,127

PersonImage(Miley Cyrus,1142,http://i19.tinypic.com/8fxhmit.jpg)	Miley Cyrus	Miley Cyrus,A2O5OJXCUFQ3FV,119

PersonImage(Miley Cyrus,1211,http://i25.tinypic.com/2ptwehx.jpg)	Miley Cyrus	Miley Cyrus,A2O5OJXCUFQ3FV,127

PersonImage(Miley Cyrus,1738,http://i35.tinypic.com/2s64wtf.jpg)	Miley Cyrus	Miley Cyrus,A2O5OJXCUFQ3FV,959

PersonImage(Miley Cyrus,769,http://i413.photobucket.com/albums/pp219/sarahrox1234321/miley-cyrus.jpg)	Miley Cyrus	Miley Cyrus,A2O5OJXCUFQ3FV,106

PersonImage(Miley Cyrus,1678,http://i34.tinypic.com/2z9mtlh.jpg)	Miley Cyrus	Miley Cyrus,A2O5OJXCUFQ3FV,679

PersonImage(Miley Cyrus,1555,http://i32.tinypic.com/2a7hkar.jpg)	Miley Cyrus	Miley Cyrus,A2O5OJXCUFQ3FV,734

PersonImage(Anderson Cooper,15,http://farm1.static.flickr.com/141/366210746_71ef1c373a_o.jpg)	Anderson Cooper	Anderson Cooper,A2O5OJXCUFQ3FV,1357

PersonImage(Daniel Craig,400,http://z.about.com/d/cocktails/1/0/X/B/-/-/Jamesbond_danielcraig.jpg)	Miley Cyrus	Miley Cyrus,A2O5OJXCUFQ3FV,723

PersonImage(Miley Cyrus,1807,http://i36.tinypic.com/2v8svtw.jpg)	Miley Cyrus	Miley Cyrus,A2O5OJXCUFQ3FV,821

PersonImage(Miley Cyrus,495,http://i175.photobucket.com/albums/w125/BoricuaGirl1619/Miley%20Cyrus/l_8a9a37dd4b50305356571b0c4f3e23cf.jpg)	Miley Cyrus	Miley Cyrus,A2O5OJXCUFQ3FV,761

PersonImage(Miley Cyrus,1292,http://i27.tinypic.com/2n1rlg9.jpg)	Miley Cyrus	Miley Cyrus,A2O5OJXCUFQ3FV,3164

PersonImage(Miley Cyrus,1037,http://i16.tinypic.com/2j493ew.jpg)	Miley Cyrus	Miley Cyrus,A2O5OJXCUFQ3FV,1088

PersonImage(Miley Cyrus,1417,http://i2.tinypic.com/43o8dbm.jpg)	Miley Cyrus	Miley Cyrus,A2O5OJXCUFQ3FV,938

PersonImage(Scarlett Johansson,555,http://i35.tinypic.com/2rm9p4h.jpg)	Scarlett Johansson	Scarlett Johansson,A2O5OJXCUFQ3FV,1357

PersonImage(Miley Cyrus,1752,http://i35.tinypic.com/flx89d.jpg)	Miley Cyrus	Miley Cyrus,A2O5OJXCUFQ3FV,1435

PersonImage(Miley Cyrus,746,http://i390.photobucket.com/albums/oo341/dawn_hopeful/MIL.jpg)	Miley Cyrus	Miley Cyrus,A2O5OJXCUFQ3FV,1324

PersonImage(Miley Cyrus,489,http://i175.photobucket.com/albums/w125/BoricuaGirl1619/Miley%20Cyrus/l_7141cade17227790923f04c764c33586.jpg)	Miley Cyrus	Miley Cyrus,A2O5OJXCUFQ3FV,2322

PersonImage(Miley Cyrus,1210,http://i25.tinypic.com/2d00thw.jpg)	Miley Cyrus	Miley Cyrus,A2O5OJXCUFQ3FV,1291

PersonImage(Miley Cyrus,1552,http://i32.tinypic.com/28mdyr4.jpg)	Miley Cyrus	Miley Cyrus,A2O5OJXCUFQ3FV,2226

PersonImage(Miley Cyrus,1731,http://i35.tinypic.com/2lkzjvp.jpg)	Miley Cyrus	Miley Cyrus,A2O5OJXCUFQ3FV,609

PersonImage(Miley Cyrus,1013,http://i15.tinypic.com/309n1n6.jpg)	Miley Cyrus	Miley Cyrus,A2O5OJXCUFQ3FV,87

PersonImage(Miley Cyrus,1467,http://i30.tinypic.com/658tft.jpg)	Miley Cyrus	Miley Cyrus,A2O5OJXCUFQ3FV,835

PersonImage(Miley Cyrus,1700,http://i35.tinypic.com/111qxd2.jpg)	Miley Cyrus	Miley Cyrus,A2O5OJXCUFQ3FV,811

PersonImage(Miley Cyrus,518,http://i175.photobucket.com/albums/w125/BoricuaGirl1619/Miley%20Cyrus/l_f022651c7943762e754a5e5d6ab0c95a.jpg)	Miley Cyrus	Miley Cyrus,A2O5OJXCUFQ3FV,663

PersonImage(Miley Cyrus,62,http://i.eonline.com/Entire_Site/20080729/300.cyrus.perry.072908.jpg)	Miley Cyrus	Miley Cyrus,A2O5OJXCUFQ3FV,1113

PersonImage(Scarlett Johansson,493,http://www.mtv.com/news/photos/g/grammy07/red_carpet_070211/scarlett_johansson.jpg)	Miley Cyrus	Miley Cyrus,A2O5OJXCUFQ3FV,739

PersonImage(Miley Cyrus,302,http://i12.photobucket.com/albums/a226/punk_girl15/icf/fond_miley.jpg)	Miley Cyrus	Miley Cyrus,A2O5OJXCUFQ3FV,828

PersonImage(Miley Cyrus,1714,http://i35.tinypic.com/20ij4v6.jpg)	Miley Cyrus	Miley Cyrus,A2O5OJXCUFQ3FV,791

PersonImage(Miley Cyrus,1630,http://i33.tinypic.com/fa3pfd.jpg)	Miley Cyrus	Miley Cyrus,A2O5OJXCUFQ3FV,261

PersonImage(Miley Cyrus,587,http://i257.photobucket.com/albums/hh218/dana_880/mileycyrus300.jpg)	Miley Cyrus	Miley Cyrus,A2O5OJXCUFQ3FV,595

PersonImage(Miley Cyrus,65,http://images.askmen.com/photos/miley-cyrus/23977.jpg)	Miley Cyrus	Miley Cyrus,A2O5OJXCUFQ3FV,756

PersonImage(Miley Cyrus,1015,http://i15.tinypic.com/4m9wvbc.jpg)	Miley Cyrus	Miley Cyrus,A2O5OJXCUFQ3FV,241

PersonImage(Miley Cyrus,651,http://i277.photobucket.com/albums/kk60/beatrizrosenburg/Miley%20Cyrus/076.jpg)	Miley Cyrus	Miley Cyrus,A2O5OJXCUFQ3FV,834

PersonImage(Miley Cyrus,1223,http://i25.tinypic.com/mrbodh.jpg)	Miley Cyrus	Miley Cyrus,A2O5OJXCUFQ3FV,96

PersonImage(Miley Cyrus,481,http://i175.photobucket.com/albums/w125/BoricuaGirl1619/Miley%20Cyrus/l_38c447c5e24cec20e6a7241cf117faa1.jpg)	Miley Cyrus	Miley Cyrus,A2O5OJXCUFQ3FV,666

PersonImage(Miley Cyrus,726,http://i319.photobucket.com/albums/mm472/1997sarah1997/miley_cyrus19.jpg)	Miley Cyrus	Miley Cyrus,A2O5OJXCUFQ3FV,83

PersonImage(Miley Cyrus,492,http://i175.photobucket.com/albums/w125/BoricuaGirl1619/Miley%20Cyrus/l_8221b5e9c3f6e8da9774b71f127256e8.jpg)	Miley Cyrus	Miley Cyrus,A2O5OJXCUFQ3FV,727

PersonImage(Miley Cyrus,1879,http://i37.tinypic.com/f583rm.jpg)	Miley Cyrus	Miley Cyrus,A2O5OJXCUFQ3FV,93

PersonImage(Miley Cyrus,909,http://i11.tinypic.com/2i704sw.jpg)	Miley Cyrus	Miley Cyrus,A2O5OJXCUFQ3FV,788

PersonImage(Miley Cyrus,505,http://i175.photobucket.com/albums/w125/BoricuaGirl1619/Miley%20Cyrus/l_c72a2001edef982eae5e180b73f1e160.jpg)	Miley Cyrus	Miley Cyrus,A2O5OJXCUFQ3FV,98

PersonImage(Miley Cyrus,987,http://i14.tinypic.com/2nrehzq.jpg)	Miley Cyrus	Miley Cyrus,A2O5OJXCUFQ3FV,93

PersonImage(Miley Cyrus,1703,http://i35.tinypic.com/11hxk4p.jpg)	Miley Cyrus	Miley Cyrus,A2O5OJXCUFQ3FV,214

PersonImage(Scarlett Johansson,107,http://images.art.com/images/products/regular/12036000/12036036.jpg)	Miley Cyrus	Miley Cyrus,A2O5OJXCUFQ3FV,85

PersonImage(Scarlett Johansson,133,http://images.teamsugar.com/files/users/8/87259/33_2007/scarlett_johansson.jpg)	Miley Cyrus	Miley Cyrus,A2O5OJXCUFQ3FV,1268

PersonImage(Anderson Cooper,34,http://4.bp.blogspot.com/_apuuyw-wGsE/R7PDo1rTgAI/AAAAAAAAAz4/vh0QswsQEvs/s400/cooper.jpg)	Miley Cyrus	Miley Cyrus,A2O5OJXCUFQ3FV,955

PersonImage(Miley Cyrus,854,http://i525.photobucket.com/albums/cc334/MelenaxVashley/Miley%20Cyrus/3.jpg)	Miley Cyrus	Miley Cyrus,A2O5OJXCUFQ3FV,822

PersonImage(Miley Cyrus,395,http://www.crazychinesewoman.com/wp-content/uploads/2008/09/miley-cyrus-justin-gaston.jpg)	Miley Cyrus	Miley Cyrus,A2O5OJXCUFQ3FV,1171

PersonImage(Miley Cyrus,1196,http://i24.tinypic.com/v4o38n.jpg)	Miley Cyrus	Miley Cyrus,A2O5OJXCUFQ3FV,651

PersonImage(Miley Cyrus,1884,http://i37.tinypic.com/felbfk.jpg)	Miley Cyrus	Miley Cyrus,A2O5OJXCUFQ3FV,1242

PersonImage(Miley Cyrus,1771,http://i36.tinypic.com/14oc6qt.jpg)	Miley Cyrus	Miley Cyrus,A2O5OJXCUFQ3FV,779

PersonImage(Miley Cyrus,58,http://ia.media-imdb.com/images/M/MV5BMjE1NTQ3MjU0N15BMl5BanBnXkFtZTcwMjAyMDA4MQ%40%40._V1._SX361_SY400_.jpg)	Miley Cyrus	Miley Cyrus,A2O5OJXCUFQ3FV,797

PersonImage(Miley Cyrus,856,http://i527.photobucket.com/albums/cc355/wweandtnafan/miley_cyrus_1205629555.jpg)	Miley Cyrus	Miley Cyrus,A2O5OJXCUFQ3FV,649

PersonImage(Miley Cyrus,1070,http://i17.tinypic.com/4yrhglk.jpg)	Miley Cyrus	Miley Cyrus,A2O5OJXCUFQ3FV,860

PersonImage(Miley Cyrus,1531,http://i31.tinypic.com/jk92dj.jpg)	Miley Cyrus	Miley Cyrus,A2O5OJXCUFQ3FV,97

PersonImage(Miley Cyrus,1575,http://i32.tinypic.com/fu5lhd.jpg)	Miley Cyrus	Miley Cyrus,A2O5OJXCUFQ3FV,852

PersonImage(Daniel Craig,221,http://www.thaindian.com/newsportal/images/5004.jpg)	Daniel Craig	Daniel Craig,A2O5OJXCUFQ3FV,1432

PersonImage(Miley Cyrus,955,http://i12.tinypic.com/6cyxjx1.jpg)	Miley Cyrus	Miley Cyrus,A2O5OJXCUFQ3FV,1087

PersonImage(Miley Cyrus,652,http://i277.photobucket.com/albums/kk60/beatrizrosenburg/Miley%20Cyrus/086.jpg)	Miley Cyrus	Miley Cyrus,A2O5OJXCUFQ3FV,217

PersonImage(Miley Cyrus,1065,http://i17.tinypic.com/2i704sw.jpg)	Miley Cyrus	Miley Cyrus,A2O5OJXCUFQ3FV,890

PersonImage(Scarlett Johansson,163,http://latimesblogs.latimes.com/photos/uncategorized/2008/10/07/scarlettjohansson.jpg)	Miley Cyrus	Miley Cyrus,A2O5OJXCUFQ3FV,86

PersonImage(Miley Cyrus,1033,http://i15.tinypic.com/80l5c3m.jpg)	Miley Cyrus	Miley Cyrus,A2O5OJXCUFQ3FV,706

PersonImage(Miley Cyrus,1576,http://i32.tinypic.com/hwc203.jpg)	Miley Cyrus	Miley Cyrus,A2O5OJXCUFQ3FV,980

PersonImage(Miley Cyrus,1717,http://i35.tinypic.com/217dds.jpg)	Miley Cyrus	Miley Cyrus,A2O5OJXCUFQ3FV,874

PersonImage(Miley Cyrus,885,http://i10.tinypic.com/4qj11cy.jpg)	Miley Cyrus	Miley Cyrus,A2O5OJXCUFQ3FV,768

PersonImage(Scarlett Johansson,355,http://alwaysgirls.com/bigimage/1280/scarlett_johansson33.jpg)	Scarlett Johansson	Scarlett Johansson,A2O5OJXCUFQ3FV,1509

PersonImage(Miley Cyrus,392,http://www.cmt.com/sitewide/assets/img/artists/cyrus_miley/mileycyrus02-x600.jpg)	Miley Cyrus	Miley Cyrus,A2O5OJXCUFQ3FV,804

PersonImage(Miley Cyrus,1794,http://i36.tinypic.com/2gucbjc.jpg)	Miley Cyrus	Miley Cyrus,A2O5OJXCUFQ3FV,839

PersonImage(Daniel Craig,133,http://timesonline.typepad.com/photos/uncategorized/2008/10/23/daniel_craig_3.jpg)	Daniel Craig	Daniel Craig,A2O5OJXCUFQ3FV,1267

PersonImage(Miley Cyrus,103,http://im.sify.com/entertainment/movies/images/sep2008/Miley-Cyrus.jpg)	Miley Cyrus	Miley Cyrus,A2O5OJXCUFQ3FV,417

PersonImage(Miley Cyrus,1830,http://i36.tinypic.com/ndwt8m.jpg)	Miley Cyrus	Miley Cyrus,A2O5OJXCUFQ3FV,612

PersonImage(Scarlett Johansson,105,http://imagecache2.allposters.com/images/pic/MMPH/265261~Scarlett-Johansson-Posters.jpg)	Scarlett Johansson	Scarlett Johansson,A2O5OJXCUFQ3FV,1261

PersonImage(Miley Cyrus,1870,http://i37.tinypic.com/97s9as.jpg)	Miley Cyrus	Miley Cyrus,A2O5OJXCUFQ3FV,1265

PersonImage(Scarlett Johansson,156,http://james.canalblog.com/images/scarlett_johansson.jpg)	Miley Cyrus	Miley Cyrus,A2O5OJXCUFQ3FV,3553

PersonImage(Daniel Craig,137,http://www.abc.net.au/reslib/200707/r159454_581549.jpg)	Daniel Craig	Daniel Craig,A2O5OJXCUFQ3FV,1073

PersonImage(Miley Cyrus,30,http://d.yimg.com/us.yimg.com/p/eonline/20080730/capt.cc5d561762bef80988f18de81ac17abd.jpg)	Miley Cyrus	Miley Cyrus,A2O5OJXCUFQ3FV,686

PersonImage(Miley Cyrus,1440,http://i30.tinypic.com/2iau1c0.jpg)	Miley Cyrus	Miley Cyrus,A2O5OJXCUFQ3FV,202

PersonImage(Miley Cyrus,1706,http://i35.tinypic.com/11vto3d.jpg)	Miley Cyrus	Miley Cyrus,A2O5OJXCUFQ3FV,193

PersonImage(Miley Cyrus,1439,http://i30.tinypic.com/2dqk589.jpg)	Miley Cyrus	Miley Cyrus,A2O5OJXCUFQ3FV,174

PersonImage(Miley Cyrus,1311,http://i27.tinypic.com/ablcmu.jpg)	Miley Cyrus	Miley Cyrus,A2O5OJXCUFQ3FV,201

PersonImage(Miley Cyrus,1075,http://i17.tinypic.com/6252hwx.jpg)	Miley Cyrus	Miley Cyrus,A2O5OJXCUFQ3FV,1141

PersonImage(Scarlett Johansson,64,http://buzzworthy.mtv.com/wp-content/uploads/2008/04/scarlett_johansen.jpg)	Scarlett Johansson	Scarlett Johansson,A2O5OJXCUFQ3FV,1059

PersonImage(Miley Cyrus,1396,http://i29.tinypic.com/2rhww7a.jpg)	Miley Cyrus	Miley Cyrus,A2O5OJXCUFQ3FV,3793

PersonImage(Miley Cyrus,508,http://i175.photobucket.com/albums/w125/BoricuaGirl1619/Miley%20Cyrus/l_c9945ffc3a7578dbca45db15d71e793f.jpg)	Miley Cyrus	Miley Cyrus,A2O5OJXCUFQ3FV,14201

PersonImage(Miley Cyrus,1328,http://i28.tinypic.com/1zwbww6.jpg)	Miley Cyrus	Miley Cyrus,A2O5OJXCUFQ3FV,119

PersonImage(Miley Cyrus,954,http://i12.tinypic.com/6c49qhf.jpg)	Miley Cyrus	Miley Cyrus,A2O5OJXCUFQ3FV,198

PersonImage(Daniel Craig,384,http://www.showwallpaper.com/wallpaper/0709/012353.jpg)	Miley Cyrus	Miley Cyrus,A2O5OJXCUFQ3FV,106

PersonImage(Miley Cyrus,1048,http://i16.tinypic.com/4zstx6e.jpg)	Miley Cyrus	Miley Cyrus,A2O5OJXCUFQ3FV,92

PersonImage(Miley Cyrus,1473,http://i30.tinypic.com/dlq80x.jpg)	Miley Cyrus	Miley Cyrus,A2O5OJXCUFQ3FV,230

PersonImage(Miley Cyrus,1371,http://i29.tinypic.com/11i2sdi.jpg)	Miley Cyrus	Miley Cyrus,A2O5OJXCUFQ3FV,262

PersonImage(Daniel Craig,94,http://img.thesun.co.uk/multimedia/archive/00448/SNF08CRAIG_280_448529a.jpg)	Miley Cyrus	Miley Cyrus,A2O5OJXCUFQ3FV,114

PersonImage(Miley Cyrus,1846,http://i37.tinypic.com/23h4snm.jpg)	Daniel Craig	Daniel Craig,A2O5OJXCUFQ3FV,506

PersonImage(Miley Cyrus,920,http://i11.tinypic.com/4tks51c.jpg)	Scarlett Johansson	Scarlett Johansson,A2O5OJXCUFQ3FV,231

PersonImage(Miley Cyrus,40,http://farm4.static.flickr.com/3128/2637849526_808b9cf266.jpg)	Miley Cyrus	Miley Cyrus,A2O5OJXCUFQ3FV,112

PersonImage(Scarlett Johansson,552,http://i34.tinypic.com/95sy9x.jpg)	Scarlett Johansson	Scarlett Johansson,A2O5OJXCUFQ3FV,239

PersonImage(Miley Cyrus,1680,http://i34.tinypic.com/333fgg7.jpg)	Miley Cyrus	Miley Cyrus,A2O5OJXCUFQ3FV,119

PersonImage(Miley Cyrus,516,http://i175.photobucket.com/albums/w125/BoricuaGirl1619/Miley%20Cyrus/l_e2d7806c98cac34660df910dc959e087.jpg)	Miley Cyrus	Miley Cyrus,A2O5OJXCUFQ3FV,142

PersonImage(Scarlett Johansson,290,http://www.judiciaryreport.com/images/scarlett-johansson.jpg)	Miley Cyrus	Miley Cyrus,A2O5OJXCUFQ3FV,175

PersonImage(Miley Cyrus,969,http://i13.tinypic.com/4r9qsg1.jpg)	Anderson Cooper	Anderson Cooper,A2O5OJXCUFQ3FV,128

PersonImage(Scarlett Johansson,553,http://i35.tinypic.com/256y51s.jpg)	Miley Cyrus	Miley Cyrus,A2O5OJXCUFQ3FV,300

PersonImage(Miley Cyrus,1016,http://i15.tinypic.com/4r1p8o0.jpg)	Daniel Craig	Daniel Craig,A2O5OJXCUFQ3FV,144

PersonImage(Miley Cyrus,566,http://i243.photobucket.com/albums/ff43/ashleylynn393/miley%20cyrus/sdfasdfasdfasdf.jpg)	Miley Cyrus	Miley Cyrus,A2O5OJXCUFQ3FV,325

PersonImage(Miley Cyrus,1773,http://i36.tinypic.com/15zp4bp.jpg)	Anderson Cooper	Anderson Cooper,A2O5OJXCUFQ3FV,132

PersonImage(Scarlett Johansson,396,http://latimesblogs.latimes.com/photos/uncategorized/2008/05/05/scarlett_johansson_jpg_2.jpg)	Miley Cyrus	Miley Cyrus,A2O5OJXCUFQ3FV,126

PersonImage(Miley Cyrus,1810,http://i36.tinypic.com/2yvncyp.jpg)	Miley Cyrus	Miley Cyrus,A2O5OJXCUFQ3FV,200

PersonImage(Anderson Cooper,23,http://2.bp.blogspot.com/_pYovFsEL26U/STN6Y-7drhI/AAAAAAAAFmg/sjXGeCE7Oac/s400/AndersonCooper_60MIN_20081130_01.jpg)	Daniel Craig	Daniel Craig,A2O5OJXCUFQ3FV,117

PersonImage(Scarlett Johansson,540,http://i15.tinypic.com/6sgfk2a.jpg)	Anderson Cooper	Anderson Cooper,A2O5OJXCUFQ3FV,397

PersonImage(Miley Cyrus,755,http://i399.photobucket.com/albums/pp71/miley_smiley_fan_06/6ef3cba10626a78adc976efd542cc75d.jpg)	Miley Cyrus	Miley Cyrus,A2O5OJXCUFQ3FV,1779

PersonImage(Anderson Cooper,10,http://farm1.static.flickr.com/53/188792580_ec846f12b0_o.jpg)	Miley Cyrus	Miley Cyrus,A2O5OJXCUFQ3FV,818

PersonImage(Anderson Cooper,53,http://bp2.blogger.com/_pYovFsEL26U/RzlHUN7rfUI/AAAAAAAACkI/j4K7mhBRrs0/s400/AndersonCooper_AC360_20071112_04cr.jpg)	Anderson Cooper	Anderson Cooper,A2O5OJXCUFQ3FV,1356

PersonImage(Miley Cyrus,79,http://images.starpulse.com/Photos/Previews/Miley-Cyrus-hm20.jpg)	Miley Cyrus	Miley Cyrus,A2O5OJXCUFQ3FV,1480

PersonImage(Miley Cyrus,402,http://www.glamourvanity.com/images/miley-cyrus-22.jpg)	Miley Cyrus	Miley Cyrus,A2O5OJXCUFQ3FV,2646

PersonImage(Daniel Craig,224,http://www.topnews.in/files/images/Daniel-Craig2.jpg)	Daniel Craig	Daniel Craig,A2O5OJXCUFQ3FV,1489

PersonImage(Daniel Craig,55,http://i.dailymail.co.uk/i/pix/2008/10/05/article-0-02E952A800000578-264_468x608.jpg)	Daniel Craig	Daniel Craig,A2O5OJXCUFQ3FV,1066

PersonImage(Miley Cyrus,1297,http://i27.tinypic.com/2uqc295.jpg)	Daniel Craig	Daniel Craig,A2O5OJXCUFQ3FV,286

PersonImage(Miley Cyrus,913,http://i11.tinypic.com/4c955qs.jpg)	Daniel Craig	Daniel Craig,A2O5OJXCUFQ3FV,220

PersonImage(Miley Cyrus,1789,http://i36.tinypic.com/2ahf8kp.jpg)	Daniel Craig	Daniel Craig,A2O5OJXCUFQ3FV,195

PersonImage(Miley Cyrus,85,http://img2.timeinc.net/people/i/2008/database/mileycyrus/mileycyrus300b.jpg)	Daniel Craig	Daniel Craig,A2O5OJXCUFQ3FV,115

PersonImage(Miley Cyrus,1035,http://i15.tinypic.com/80oag3p.jpg)	Miley Cyrus	Miley Cyrus,A2O5OJXCUFQ3FV,1664

PersonImage(Scarlett Johansson,176,http://media.canada.com/8c8b3290-2b08-4dc6-8e3e-2cc645fdfe05/080926_scarlet.jpg)	Scarlett Johansson	Scarlett Johansson,A2O5OJXCUFQ3FV,1734

PersonImage(Miley Cyrus,1418,http://i2.tinypic.com/4msjqs2.jpg)	Miley Cyrus	Miley Cyrus,A2O5OJXCUFQ3FV,1462

